--
-- Script was generated by Devart dbForge Studio 2020 for MySQL, Version 9.0.689.0
-- Product home page: http://www.devart.com/dbforge/mysql/studio
-- Script date 15.12.2021 19:28:56
-- Server version: 8.0.27
-- Client version: 4.1
--

-- 
-- Disable foreign keys
-- 
/*!40014 SET @OLD_FOREIGN_KEY_CHECKS=@@FOREIGN_KEY_CHECKS, FOREIGN_KEY_CHECKS=0 */;

-- 
-- Set SQL mode
-- 
/*!40101 SET @OLD_SQL_MODE=@@SQL_MODE, SQL_MODE='NO_AUTO_VALUE_ON_ZERO' */;

-- 
-- Set character set the client will use to send SQL statements to the server
--
SET NAMES 'utf8';

--
-- Set default database
--
USE videoteka;

--
-- Drop table `iaziki`
--
DROP TABLE IF EXISTS iaziki;

--
-- Drop table `film`
--
DROP TABLE IF EXISTS film;

--
-- Drop table `glavnii_regiser`
--
DROP TABLE IF EXISTS glavnii_regiser;

--
-- Drop table `iazik`
--
DROP TABLE IF EXISTS iazik;

--
-- Drop table `ispolnitel_glavnoi_roli`
--
DROP TABLE IF EXISTS ispolnitel_glavnoi_roli;

--
-- Drop table `ispolnitelnitsa_glavnoi_roli`
--
DROP TABLE IF EXISTS ispolnitelnitsa_glavnoi_roli;

--
-- Drop table `janr`
--
DROP TABLE IF EXISTS janr;

--
-- Drop table `strana`
--
DROP TABLE IF EXISTS strana;

--
-- Set default database
--
USE videoteka;

--
-- Create table `strana`
--
CREATE TABLE strana (
  id_strana int NOT NULL AUTO_INCREMENT,
  strana tinytext DEFAULT NULL,
  PRIMARY KEY (id_strana)
)
ENGINE = INNODB,
AUTO_INCREMENT = 6,
AVG_ROW_LENGTH = 4096,
CHARACTER SET utf8mb4,
COLLATE utf8mb4_0900_ai_ci;

--
-- Create table `janr`
--
CREATE TABLE janr (
  id_janr int NOT NULL AUTO_INCREMENT,
  janr tinytext DEFAULT NULL,
  PRIMARY KEY (id_janr)
)
ENGINE = INNODB,
AUTO_INCREMENT = 8,
AVG_ROW_LENGTH = 2730,
CHARACTER SET utf8mb4,
COLLATE utf8mb4_0900_ai_ci;

--
-- Create table `ispolnitelnitsa_glavnoi_roli`
--
CREATE TABLE ispolnitelnitsa_glavnoi_roli (
  id_ispolnitelnitsa int NOT NULL AUTO_INCREMENT,
  familia tinytext DEFAULT NULL,
  ima tinytext DEFAULT NULL,
  otchestvo tinytext DEFAULT NULL,
  data_rogdenia date DEFAULT NULL,
  PRIMARY KEY (id_ispolnitelnitsa)
)
ENGINE = INNODB,
AUTO_INCREMENT = 11,
AVG_ROW_LENGTH = 2048,
CHARACTER SET utf8mb4,
COLLATE utf8mb4_0900_ai_ci;

--
-- Create table `ispolnitel_glavnoi_roli`
--
CREATE TABLE ispolnitel_glavnoi_roli (
  id_ispolnitel int NOT NULL AUTO_INCREMENT,
  familia tinytext DEFAULT NULL,
  ima tinytext DEFAULT NULL,
  otchestvo tinytext DEFAULT NULL,
  data_rogdenia date DEFAULT NULL,
  PRIMARY KEY (id_ispolnitel)
)
ENGINE = INNODB,
AUTO_INCREMENT = 10,
AVG_ROW_LENGTH = 1820,
CHARACTER SET utf8mb4,
COLLATE utf8mb4_0900_ai_ci;

--
-- Create table `iazik`
--
CREATE TABLE iazik (
  id_iazik int NOT NULL AUTO_INCREMENT,
  iazik tinytext DEFAULT NULL,
  PRIMARY KEY (id_iazik)
)
ENGINE = INNODB,
AUTO_INCREMENT = 5,
AVG_ROW_LENGTH = 4096,
CHARACTER SET utf8mb4,
COLLATE utf8mb4_0900_ai_ci;

--
-- Create table `glavnii_regiser`
--
CREATE TABLE glavnii_regiser (
  id_regiser int NOT NULL AUTO_INCREMENT,
  familia tinytext DEFAULT NULL,
  ima tinytext DEFAULT NULL,
  otchestvo tinytext DEFAULT NULL,
  data_rogdenia date DEFAULT NULL,
  PRIMARY KEY (id_regiser)
)
ENGINE = INNODB,
AUTO_INCREMENT = 10,
AVG_ROW_LENGTH = 2048,
CHARACTER SET utf8mb4,
COLLATE utf8mb4_0900_ai_ci;

--
-- Create table `film`
--
CREATE TABLE film (
  id_film int NOT NULL AUTO_INCREMENT,
  nazvanie varchar(255) DEFAULT NULL,
  id_janr int DEFAULT NULL,
  id_ispolnitel int DEFAULT NULL,
  id_ispolnitelnitsa int DEFAULT NULL,
  id_strana int DEFAULT NULL,
  id_regiser int DEFAULT NULL,
  god_vixoda date DEFAULT NULL,
  prodolgitelnost int DEFAULT NULL,
  id_iazik int DEFAULT NULL,
  `kol-vo_serii` int DEFAULT NULL,
  PRIMARY KEY (id_film)
)
ENGINE = INNODB,
AUTO_INCREMENT = 11,
AVG_ROW_LENGTH = 1638,
CHARACTER SET utf8mb4,
COLLATE utf8mb4_0900_ai_ci;

--
-- Create foreign key
--
ALTER TABLE film
ADD CONSTRAINT FK_film_glavnii_regiser_id_regiser FOREIGN KEY (id_regiser)
REFERENCES glavnii_regiser (id_regiser);

--
-- Create foreign key
--
ALTER TABLE film
ADD CONSTRAINT FK_film_iazik_id_iazik FOREIGN KEY (id_iazik)
REFERENCES iazik (id_iazik);

--
-- Create foreign key
--
ALTER TABLE film
ADD CONSTRAINT FK_film_ispolnitel_glavnoi_roli_id_ispolnitel FOREIGN KEY (id_ispolnitel)
REFERENCES ispolnitel_glavnoi_roli (id_ispolnitel);

--
-- Create foreign key
--
ALTER TABLE film
ADD CONSTRAINT FK_film_ispolnitelnitsa_glavnoi_roli_id_ispolnitelnitsa FOREIGN KEY (id_ispolnitelnitsa)
REFERENCES ispolnitelnitsa_glavnoi_roli (id_ispolnitelnitsa);

--
-- Create foreign key
--
ALTER TABLE film
ADD CONSTRAINT FK_film_janr_id_janr FOREIGN KEY (id_janr)
REFERENCES janr (id_janr);

--
-- Create foreign key
--
ALTER TABLE film
ADD CONSTRAINT FK_film_strana_id_strana FOREIGN KEY (id_strana)
REFERENCES strana (id_strana);

--
-- Create table `iaziki`
--
CREATE TABLE iaziki (
  id_iazik int NOT NULL AUTO_INCREMENT,
  iazik tinytext DEFAULT NULL,
  PRIMARY KEY (id_iazik)
)
ENGINE = INNODB,
AUTO_INCREMENT = 5,
AVG_ROW_LENGTH = 4096,
CHARACTER SET utf8mb4,
COLLATE utf8mb4_0900_ai_ci;

-- 
-- Dumping data for table strana
--
INSERT INTO strana VALUES
(1, 'Республика Корея'),
(2, 'США'),
(3, 'Япония'),
(4, 'СССР'),
(5, 'Россия');

-- 
-- Dumping data for table janr
--
INSERT INTO janr VALUES
(1, 'Триллер'),
(2, 'Мыльная опера'),
(3, 'Фантастика'),
(4, 'Приключения'),
(5, 'Боевик'),
(6, 'Фэнтези'),
(7, 'Комедия');

-- 
-- Dumping data for table ispolnitelnitsa_glavnoi_roli
--
INSERT INTO ispolnitelnitsa_glavnoi_roli VALUES
(1, 'Чон', 'Хо', 'Ён', '1994-06-23'),
(2, 'Кембелл', 'Джулия\r\n', 'Тэтхэм', '1962-03-12'),
(3, 'Амамия', 'Сора', 'Сэйю', '1993-08-28'),
(4, 'Хидака', 'Норико', 'Нагаи', '1962-05-31'),
(5, 'Селезнёва', 'Наталья', 'Игоревна', '1945-06-19'),
(6, 'Медведева', 'Лия ', 'Витальевна', '1968-09-20'),
(7, 'Имаи ', 'Асами\r\n', 'Сэйю', '1977-05-16'),
(8, 'Ингрид\r\n', 'Скарлетт ', 'Йоханссон', '1984-11-22'),
(9, 'Чалотра', 'Анна', 'Пенн', '1996-07-21'),
(10, 'Варлей', 'Наталья', ' Владимировна', '1947-06-22');

-- 
-- Dumping data for table ispolnitel_glavnoi_roli
--
INSERT INTO ispolnitel_glavnoi_roli VALUES
(1, 'Ли', 'Джон', 'Джэ', '1972-12-15'),
(2, 'Волф', 'Ллойд\r\n', 'Бокнер', '1924-07-29'),
(3, 'Ханаэ\r\n', 'Нацуки\r\n', 'Сэйю', '1991-06-26'),
(4, 'Сигэсато', 'Отои', 'Синбун', '1948-11-10'),
(5, 'Демьяненко', 'Александр', 'Сергеевич', '1937-05-30'),
(6, 'Куликович', 'Олег', 'Борисович', '1959-05-13'),
(7, 'Мияно', 'Мамору', 'Сэйю\r\n', '1983-06-08'),
(8, 'Роберт', 'Джон', 'Дауни', '1965-04-04'),
(9, 'Уильям ', 'Генри', 'Далглиш', '1983-05-05');

-- 
-- Dumping data for table iazik
--
INSERT INTO iazik VALUES
(1, 'Корейский'),
(2, 'Английский'),
(3, 'Японский'),
(4, 'Русский');

-- 
-- Dumping data for table glavnii_regiser
--
INSERT INTO glavnii_regiser VALUES
(1, 'Хван', 'Дон', 'Хёк', '1971-05-26'),
(2, 'Добсон', 'Джером', 'Конбой', '1984-07-30'),
(3, 'Морита', 'Сюхэй', '???', '1978-06-22'),
(4, 'Хаяо', 'Миядзаки', '???', '1941-01-05'),
(5, 'Гайдай', 'Леонид', 'Иович', '1923-01-30'),
(6, 'Бронзит', 'Константин', 'Эдуардович', '1965-04-12'),
(7, 'Хироси', 'Хамасаки', '???', '1959-12-30'),
(8, 'Джей', 'Энтони', 'Руссо\r\n', '1970-02-03'),
(9, 'Сахаров', 'Алик', 'Петрович', '1959-05-17');

-- 
-- Dumping data for table iaziki
--
INSERT INTO iaziki VALUES
(1, 'Корейский'),
(2, 'Английский'),
(3, 'Японский'),
(4, 'Русский');

-- 
-- Dumping data for table film
--
INSERT INTO film VALUES
(1, 'Игра в кальмара', 1, 1, 1, 1, 1, '2021-09-17', 63, 1, 9),
(2, 'Санта Барбара', 2, 2, 2, 2, 2, '1984-07-30', 45, 2, 2137),
(3, 'Токийский гуль', 3, 3, 3, 3, 3, '2014-07-04', 24, 3, 48),
(4, 'Мой сосед Тоторо', 4, 4, 4, 3, 4, '1988-04-16', 88, 3, 1),
(5, 'Иван Васильевич меняет профессию', 3, 5, 5, 4, 5, '1973-09-17', 88, 4, 1),
(6, 'Алёша Попович и Тугарин Змей', 4, 6, 6, 5, 6, '2004-12-23', 79, 4, 1),
(7, 'Врата Штейна', 3, 7, 7, 3, 7, '2011-04-06', 25, 3, 24),
(8, 'Мстители. Финал', 5, 8, 8, 2, 8, '2019-05-02', 181, 2, 1),
(9, 'Ведьмак', 6, 9, 9, 2, 9, '2019-12-20', 67, 2, 8),
(10, 'Кавказкая пленница', 7, 5, 10, 4, 5, '1967-04-01', 82, 4, 1);

-- 
-- Restore previous SQL mode
-- 
/*!40101 SET SQL_MODE=@OLD_SQL_MODE */;

-- 
-- Enable foreign keys
-- 
/*!40014 SET FOREIGN_KEY_CHECKS = @OLD_FOREIGN_KEY_CHECKS */;